{"_wandb":{"runtime":6753},"_runtime":6752.140797614,"_step":4067,"train_loss":{"loss":0.43339234590530396,"gen_loss":0.43339234590530396},"_timestamp":1.73409014719907e+09}