{"_timestamp":1.7340720173735418e+09,"_runtime":9.727911353,"_step":4,"_wandb":{"runtime":10},"train_loss":{"gen_loss":4.732056617736816,"loss":4.732056617736816}}