{"_runtime":1140.898474257,"_step":399,"_wandb":{"runtime":1143},"train_loss":{"loss":1.8928266763687134,"gen_loss":1.8928266763687134},"_timestamp":1.7340614010290413e+09}