{"train_loss":{"loss":4.6463823318481445,"gen_loss":4.6463823318481445},"_timestamp":1.7340651323217037e+09,"_runtime":18.465689417,"_step":4,"_wandb":{"runtime":19}}