{"_wandb":{"runtime":41},"train_loss":{"gen_loss":4.652003288269043,"loss":4.652003288269043},"_timestamp":1.7340495918901794e+09,"_runtime":36.399370705,"_step":5}