{"_runtime":404.647305966,"_step":107,"_wandb":{"runtime":405},"train_loss":{"gen_loss":3.3944804668426514,"loss":3.3944804668426514},"_timestamp":1.7340696871266694e+09}