{"_runtime":38.592016584,"_wandb":{"runtime":40},"_step":6,"train_loss":{"gen_loss":4.581002712249756,"loss":4.581002712249756},"_timestamp":1.7340495387063365e+09}