{"_wandb":{"runtime":3419},"_step":904,"train_loss":{"loss":1.727662444114685,"gen_loss":1.727662444114685},"_timestamp":1.734069092898834e+09,"_runtime":3416.965421004}