{"_wandb":{"runtime":43},"train_loss":{"loss":1.5190699100494385,"gen_loss":1.5190699100494385},"_timestamp":1.7340692403420208e+09,"_runtime":42.690222587,"_step":10}