{"_timestamp":1.7339010306791446e+09,"_runtime":65.883168083,"_step":2,"_wandb":{"runtime":83},"train_loss":{"gen_loss":4.6863555908203125,"loss":4.6863555908203125}}